[{"model": "admin.logentry", "pk": 1, "fields": {"action_time": "2022-06-03T19:27:22.936Z", "user": 1, "content_type": 7, "object_id": "2", "object_repr": "Sale object (2)", "action_flag": 2, "change_message": "[{\"changed\": {\"fields\": [\"\\u041f\\u0440\\u043e\\u0446\\u0435\\u043d\\u0442 \\u0441\\u043a\\u0438\\u0434\\u043a\\u0438\"]}}]"}}, {"model": "admin.logentry", "pk": 2, "fields": {"action_time": "2022-06-03T19:40:10.939Z", "user": 1, "content_type": 7, "object_id": "2", "object_repr": "Sale object (2)", "action_flag": 2, "change_message": "[{\"changed\": {\"fields\": [\"\\u041f\\u0440\\u043e\\u0446\\u0435\\u043d\\u0442 \\u0441\\u043a\\u0438\\u0434\\u043a\\u0438\"]}}]"}}, {"model": "admin.logentry", "pk": 3, "fields": {"action_time": "2022-06-03T20:01:43.740Z", "user": 1, "content_type": 10, "object_id": "3", "object_repr": "Product object (3)", "action_flag": 1, "change_message": "[{\"added\": {}}]"}}, {"model": "admin.logentry", "pk": 4, "fields": {"action_time": "2022-06-04T15:17:33.117Z", "user": 1, "content_type": 10, "object_id": "4", "object_repr": "Product object (4)", "action_flag": 1, "change_message": "[{\"added\": {}}]"}}, {"model": "admin.logentry", "pk": 5, "fields": {"action_time": "2022-06-04T16:56:09.863Z", "user": 1, "content_type": 7, "object_id": "2", "object_repr": "Sale object (2)", "action_flag": 2, "change_message": "[{\"changed\": {\"fields\": [\"\\u041f\\u0440\\u043e\\u0446\\u0435\\u043d\\u0442 \\u0441\\u043a\\u0438\\u0434\\u043a\\u0438\"]}}]"}}, {"model": "admin.logentry", "pk": 6, "fields": {"action_time": "2022-06-04T16:56:19.203Z", "user": 1, "content_type": 7, "object_id": "2", "object_repr": "Sale object (2)", "action_flag": 2, "change_message": "[{\"changed\": {\"fields\": [\"\\u041f\\u0440\\u043e\\u0446\\u0435\\u043d\\u0442 \\u0441\\u043a\\u0438\\u0434\\u043a\\u0438\"]}}]"}}, {"model": "admin.logentry", "pk": 7, "fields": {"action_time": "2022-06-04T16:57:31.817Z", "user": 1, "content_type": 7, "object_id": "2", "object_repr": "Sale object (2)", "action_flag": 2, "change_message": "[]"}}, {"model": "admin.logentry", "pk": 8, "fields": {"action_time": "2022-06-04T16:57:45.979Z", "user": 1, "content_type": 7, "object_id": "2", "object_repr": "Sale object (2)", "action_flag": 2, "change_message": "[{\"changed\": {\"fields\": [\"\\u041f\\u0440\\u043e\\u0446\\u0435\\u043d\\u0442 \\u0441\\u043a\\u0438\\u0434\\u043a\\u0438\"]}}]"}}, {"model": "admin.logentry", "pk": 9, "fields": {"action_time": "2022-06-04T17:34:45.796Z", "user": 1, "content_type": 10, "object_id": "11", "object_repr": "Product object (11)", "action_flag": 2, "change_message": "[{\"changed\": {\"fields\": [\"\\u0410\\u0440\\u0442\\u0438\\u043a\\u0443\\u043b\", \"\\u0411\\u0430\\u0437\\u043e\\u0432\\u0430\\u044f \\u0446\\u0435\\u043d\\u0430\"]}}]"}}, {"model": "admin.logentry", "pk": 10, "fields": {"action_time": "2022-06-04T17:34:53.685Z", "user": 1, "content_type": 10, "object_id": "11", "object_repr": "Product object (11)", "action_flag": 2, "change_message": "[{\"changed\": {\"fields\": [\"\\u0410\\u0440\\u0442\\u0438\\u043a\\u0443\\u043b\", \"\\u0411\\u0430\\u0437\\u043e\\u0432\\u0430\\u044f \\u0446\\u0435\\u043d\\u0430\"]}}]"}}, {"model": "admin.logentry", "pk": 11, "fields": {"action_time": "2022-06-04T17:35:14.058Z", "user": 1, "content_type": 10, "object_id": "11", "object_repr": "Product object (11)", "action_flag": 2, "change_message": "[{\"changed\": {\"fields\": [\"\\u0410\\u0440\\u0442\\u0438\\u043a\\u0443\\u043b\", \"\\u0411\\u0430\\u0437\\u043e\\u0432\\u0430\\u044f \\u0446\\u0435\\u043d\\u0430\"]}}]"}}, {"model": "admin.logentry", "pk": 12, "fields": {"action_time": "2022-06-04T17:35:28.376Z", "user": 1, "content_type": 10, "object_id": "11", "object_repr": "Product object (11)", "action_flag": 2, "change_message": "[{\"changed\": {\"fields\": [\"\\u0410\\u0440\\u0442\\u0438\\u043a\\u0443\\u043b\", \"\\u0411\\u0430\\u0437\\u043e\\u0432\\u0430\\u044f \\u0446\\u0435\\u043d\\u0430\"]}}]"}}, {"model": "admin.logentry", "pk": 13, "fields": {"action_time": "2022-06-04T17:39:08.923Z", "user": 1, "content_type": 10, "object_id": "11", "object_repr": "Product object (11)", "action_flag": 2, "change_message": "[{\"changed\": {\"fields\": [\"\\u0410\\u0440\\u0442\\u0438\\u043a\\u0443\\u043b\", \"\\u0411\\u0430\\u0437\\u043e\\u0432\\u0430\\u044f \\u0446\\u0435\\u043d\\u0430\"]}}]"}}, {"model": "admin.logentry", "pk": 14, "fields": {"action_time": "2022-06-04T17:39:16.761Z", "user": 1, "content_type": 10, "object_id": "11", "object_repr": "Product object (11)", "action_flag": 2, "change_message": "[{\"changed\": {\"fields\": [\"\\u0411\\u0430\\u0437\\u043e\\u0432\\u0430\\u044f \\u0446\\u0435\\u043d\\u0430\"]}}]"}}, {"model": "admin.logentry", "pk": 15, "fields": {"action_time": "2022-06-04T17:40:03.831Z", "user": 1, "content_type": 10, "object_id": "11", "object_repr": "Product object (11)", "action_flag": 2, "change_message": "[{\"changed\": {\"fields\": [\"\\u0411\\u0430\\u0437\\u043e\\u0432\\u0430\\u044f \\u0446\\u0435\\u043d\\u0430\"]}}]"}}, {"model": "admin.logentry", "pk": 16, "fields": {"action_time": "2022-06-05T13:13:03.120Z", "user": 1, "content_type": 10, "object_id": "2", "object_repr": "Product object (2)", "action_flag": 2, "change_message": "[{\"changed\": {\"fields\": [\"\\u0411\\u0430\\u0437\\u043e\\u0432\\u0430\\u044f \\u0446\\u0435\\u043d\\u0430\"]}}]"}}, {"model": "admin.logentry", "pk": 17, "fields": {"action_time": "2022-06-05T13:16:27.724Z", "user": 1, "content_type": 7, "object_id": "2", "object_repr": "Sale object (2)", "action_flag": 2, "change_message": "[{\"changed\": {\"fields\": [\"\\u041f\\u0440\\u043e\\u0446\\u0435\\u043d\\u0442 \\u0441\\u043a\\u0438\\u0434\\u043a\\u0438\"]}}]"}}, {"model": "admin.logentry", "pk": 18, "fields": {"action_time": "2022-06-05T14:05:30.923Z", "user": 1, "content_type": 10, "object_id": "2", "object_repr": "toaster", "action_flag": 2, "change_message": "[{\"changed\": {\"fields\": [\"\\u041d\\u0430\\u0438\\u043c\\u0435\\u043d\\u043e\\u0432\\u0430\\u043d\\u0438\\u0435 \\u0442\\u043e\\u0432\\u0430\\u0440\\u0430\", \"\\u041e\\u0431\\u043b\\u043e\\u0436\\u043a\\u0430\"]}}]"}}, {"model": "admin.logentry", "pk": 19, "fields": {"action_time": "2022-06-05T14:05:50.480Z", "user": 1, "content_type": 10, "object_id": "3", "object_repr": "ball", "action_flag": 2, "change_message": "[{\"changed\": {\"fields\": [\"\\u041d\\u0430\\u0438\\u043c\\u0435\\u043d\\u043e\\u0432\\u0430\\u043d\\u0438\\u0435 \\u0442\\u043e\\u0432\\u0430\\u0440\\u0430\", \"\\u041e\\u0431\\u043b\\u043e\\u0436\\u043a\\u0430\"]}}]"}}, {"model": "admin.logentry", "pk": 20, "fields": {"action_time": "2022-06-05T14:06:09.078Z", "user": 1, "content_type": 10, "object_id": "4", "object_repr": "lips", "action_flag": 2, "change_message": "[{\"changed\": {\"fields\": [\"\\u041d\\u0430\\u0438\\u043c\\u0435\\u043d\\u043e\\u0432\\u0430\\u043d\\u0438\\u0435 \\u0442\\u043e\\u0432\\u0430\\u0440\\u0430\", \"\\u041e\\u0431\\u043b\\u043e\\u0436\\u043a\\u0430\"]}}]"}}, {"model": "admin.logentry", "pk": 21, "fields": {"action_time": "2022-06-05T14:06:22.816Z", "user": 1, "content_type": 10, "object_id": "5", "object_repr": "cube", "action_flag": 2, "change_message": "[{\"changed\": {\"fields\": [\"\\u041d\\u0430\\u0438\\u043c\\u0435\\u043d\\u043e\\u0432\\u0430\\u043d\\u0438\\u0435 \\u0442\\u043e\\u0432\\u0430\\u0440\\u0430\", \"\\u041e\\u0431\\u043b\\u043e\\u0436\\u043a\\u0430\"]}}]"}}, {"model": "admin.logentry", "pk": 22, "fields": {"action_time": "2022-06-05T14:06:34.942Z", "user": 1, "content_type": 10, "object_id": "8", "object_repr": "roobikscube", "action_flag": 2, "change_message": "[{\"changed\": {\"fields\": [\"\\u041d\\u0430\\u0438\\u043c\\u0435\\u043d\\u043e\\u0432\\u0430\\u043d\\u0438\\u0435 \\u0442\\u043e\\u0432\\u0430\\u0440\\u0430\", \"\\u041e\\u0431\\u043b\\u043e\\u0436\\u043a\\u0430\"]}}]"}}, {"model": "admin.logentry", "pk": 23, "fields": {"action_time": "2022-06-05T14:06:49.612Z", "user": 1, "content_type": 10, "object_id": "9", "object_repr": "coin", "action_flag": 2, "change_message": "[{\"changed\": {\"fields\": [\"\\u041d\\u0430\\u0438\\u043c\\u0435\\u043d\\u043e\\u0432\\u0430\\u043d\\u0438\\u0435 \\u0442\\u043e\\u0432\\u0430\\u0440\\u0430\", \"\\u041e\\u0431\\u043b\\u043e\\u0436\\u043a\\u0430\"]}}]"}}, {"model": "admin.logentry", "pk": 24, "fields": {"action_time": "2022-06-05T14:07:00.641Z", "user": 1, "content_type": 10, "object_id": "10", "object_repr": "apple", "action_flag": 2, "change_message": "[{\"changed\": {\"fields\": [\"\\u041d\\u0430\\u0438\\u043c\\u0435\\u043d\\u043e\\u0432\\u0430\\u043d\\u0438\\u0435 \\u0442\\u043e\\u0432\\u0430\\u0440\\u0430\", \"\\u041e\\u0431\\u043b\\u043e\\u0436\\u043a\\u0430\"]}}]"}}, {"model": "admin.logentry", "pk": 25, "fields": {"action_time": "2022-06-05T14:07:05.852Z", "user": 1, "content_type": 10, "object_id": "11", "object_repr": "123", "action_flag": 3, "change_message": ""}}, {"model": "admin.logentry", "pk": 26, "fields": {"action_time": "2022-06-05T14:18:22.300Z", "user": 1, "content_type": 10, "object_id": "12", "object_repr": "barrel", "action_flag": 3, "change_message": ""}}, {"model": "admin.logentry", "pk": 27, "fields": {"action_time": "2022-06-05T14:18:46.982Z", "user": 1, "content_type": 10, "object_id": "13", "object_repr": "barrel", "action_flag": 3, "change_message": ""}}, {"model": "admin.logentry", "pk": 28, "fields": {"action_time": "2022-06-05T14:20:42.234Z", "user": 1, "content_type": 10, "object_id": "10", "object_repr": "apple", "action_flag": 2, "change_message": "[]"}}, {"model": "admin.logentry", "pk": 29, "fields": {"action_time": "2022-06-05T14:21:04.737Z", "user": 1, "content_type": 10, "object_id": "10", "object_repr": "apple", "action_flag": 2, "change_message": "[{\"changed\": {\"fields\": [\"\\u0410\\u0440\\u0442\\u0438\\u043a\\u0443\\u043b\"]}}]"}}, {"model": "admin.logentry", "pk": 30, "fields": {"action_time": "2022-06-05T14:21:08.451Z", "user": 1, "content_type": 10, "object_id": "10", "object_repr": "apple", "action_flag": 2, "change_message": "[{\"changed\": {\"fields\": [\"\\u0410\\u0440\\u0442\\u0438\\u043a\\u0443\\u043b\"]}}]"}}, {"model": "admin.logentry", "pk": 31, "fields": {"action_time": "2022-06-05T14:21:58.404Z", "user": 1, "content_type": 10, "object_id": "10", "object_repr": "apple", "action_flag": 2, "change_message": "[]"}}, {"model": "admin.logentry", "pk": 32, "fields": {"action_time": "2022-06-05T14:22:01.559Z", "user": 1, "content_type": 10, "object_id": "10", "object_repr": "apple", "action_flag": 2, "change_message": "[]"}}, {"model": "admin.logentry", "pk": 33, "fields": {"action_time": "2022-06-05T14:26:56.863Z", "user": 1, "content_type": 10, "object_id": "14", "object_repr": "barrel", "action_flag": 2, "change_message": "[{\"changed\": {\"fields\": [\"\\u041e\\u0431\\u043b\\u043e\\u0436\\u043a\\u0430\"]}}]"}}, {"model": "admin.logentry", "pk": 34, "fields": {"action_time": "2022-06-05T14:34:37.092Z", "user": 1, "content_type": 10, "object_id": "15", "object_repr": "lock", "action_flag": 2, "change_message": "[{\"changed\": {\"fields\": [\"\\u041e\\u0431\\u043b\\u043e\\u0436\\u043a\\u0430\"]}}]"}}, {"model": "admin.logentry", "pk": 35, "fields": {"action_time": "2022-06-05T14:37:00.567Z", "user": 1, "content_type": 10, "object_id": "15", "object_repr": "lock", "action_flag": 3, "change_message": ""}}, {"model": "admin.logentry", "pk": 36, "fields": {"action_time": "2022-06-05T14:37:45.633Z", "user": 1, "content_type": 10, "object_id": "16", "object_repr": "lock", "action_flag": 2, "change_message": "[{\"changed\": {\"fields\": [\"\\u041e\\u0431\\u043b\\u043e\\u0436\\u043a\\u0430\"]}}]"}}, {"model": "admin.logentry", "pk": 37, "fields": {"action_time": "2022-06-05T14:47:35.308Z", "user": 1, "content_type": 10, "object_id": "16", "object_repr": "lock", "action_flag": 3, "change_message": ""}}, {"model": "admin.logentry", "pk": 38, "fields": {"action_time": "2022-06-05T14:48:06.258Z", "user": 1, "content_type": 10, "object_id": "17", "object_repr": "lock", "action_flag": 2, "change_message": "[{\"changed\": {\"fields\": [\"\\u041e\\u0431\\u043b\\u043e\\u0436\\u043a\\u0430\"]}}]"}}, {"model": "admin.logentry", "pk": 39, "fields": {"action_time": "2022-06-05T14:49:43.835Z", "user": 1, "content_type": 10, "object_id": "17", "object_repr": "lock", "action_flag": 3, "change_message": ""}}, {"model": "admin.logentry", "pk": 40, "fields": {"action_time": "2022-06-05T14:50:10.330Z", "user": 1, "content_type": 10, "object_id": "18", "object_repr": "lock", "action_flag": 2, "change_message": "[{\"changed\": {\"fields\": [\"\\u041e\\u0431\\u043b\\u043e\\u0436\\u043a\\u0430\"]}}]"}}, {"model": "admin.logentry", "pk": 41, "fields": {"action_time": "2022-06-05T14:50:20.599Z", "user": 1, "content_type": 10, "object_id": "18", "object_repr": "lock", "action_flag": 3, "change_message": ""}}, {"model": "admin.logentry", "pk": 42, "fields": {"action_time": "2022-06-05T14:56:11.844Z", "user": 1, "content_type": 10, "object_id": "19", "object_repr": "lock", "action_flag": 2, "change_message": "[{\"changed\": {\"fields\": [\"\\u041e\\u0431\\u043b\\u043e\\u0436\\u043a\\u0430\"]}}]"}}, {"model": "admin.logentry", "pk": 43, "fields": {"action_time": "2022-06-05T17:36:02.356Z", "user": 1, "content_type": 4, "object_id": "2", "object_repr": "beny", "action_flag": 1, "change_message": "[{\"added\": {}}]"}}, {"model": "admin.logentry", "pk": 44, "fields": {"action_time": "2022-06-05T20:02:36.527Z", "user": 1, "content_type": 9, "object_id": "3", "object_repr": "OrderItem object (3)", "action_flag": 3, "change_message": ""}}, {"model": "admin.logentry", "pk": 45, "fields": {"action_time": "2022-06-06T10:22:17.573Z", "user": 1, "content_type": 9, "object_id": "9", "object_repr": "OrderItem object (9)", "action_flag": 3, "change_message": ""}}, {"model": "admin.logentry", "pk": 46, "fields": {"action_time": "2022-06-06T10:22:17.713Z", "user": 1, "content_type": 9, "object_id": "8", "object_repr": "OrderItem object (8)", "action_flag": 3, "change_message": ""}}, {"model": "admin.logentry", "pk": 47, "fields": {"action_time": "2022-06-06T10:22:17.723Z", "user": 1, "content_type": 9, "object_id": "7", "object_repr": "OrderItem object (7)", "action_flag": 3, "change_message": ""}}, {"model": "admin.logentry", "pk": 48, "fields": {"action_time": "2022-06-06T10:22:17.734Z", "user": 1, "content_type": 9, "object_id": "6", "object_repr": "OrderItem object (6)", "action_flag": 3, "change_message": ""}}, {"model": "admin.logentry", "pk": 49, "fields": {"action_time": "2022-06-06T10:22:17.745Z", "user": 1, "content_type": 9, "object_id": "5", "object_repr": "OrderItem object (5)", "action_flag": 3, "change_message": ""}}, {"model": "admin.logentry", "pk": 50, "fields": {"action_time": "2022-06-06T10:22:17.756Z", "user": 1, "content_type": 9, "object_id": "4", "object_repr": "OrderItem object (4)", "action_flag": 3, "change_message": ""}}, {"model": "admin.logentry", "pk": 51, "fields": {"action_time": "2022-06-06T11:17:26.429Z", "user": 1, "content_type": 9, "object_id": "13", "object_repr": "OrderItem object (13)", "action_flag": 3, "change_message": ""}}, {"model": "admin.logentry", "pk": 52, "fields": {"action_time": "2022-06-06T11:17:26.448Z", "user": 1, "content_type": 9, "object_id": "12", "object_repr": "OrderItem object (12)", "action_flag": 3, "change_message": ""}}, {"model": "admin.logentry", "pk": 53, "fields": {"action_time": "2022-06-06T11:17:26.459Z", "user": 1, "content_type": 9, "object_id": "11", "object_repr": "OrderItem object (11)", "action_flag": 3, "change_message": ""}}, {"model": "admin.logentry", "pk": 54, "fields": {"action_time": "2022-06-06T11:17:26.470Z", "user": 1, "content_type": 9, "object_id": "10", "object_repr": "OrderItem object (10)", "action_flag": 3, "change_message": ""}}, {"model": "admin.logentry", "pk": 55, "fields": {"action_time": "2022-06-06T11:17:26.481Z", "user": 1, "content_type": 9, "object_id": "2", "object_repr": "OrderItem object (2)", "action_flag": 3, "change_message": ""}}, {"model": "admin.logentry", "pk": 56, "fields": {"action_time": "2022-06-06T11:20:22.300Z", "user": 1, "content_type": 9, "object_id": "15", "object_repr": "OrderItem object (15)", "action_flag": 3, "change_message": ""}}, {"model": "admin.logentry", "pk": 57, "fields": {"action_time": "2022-06-06T11:20:22.325Z", "user": 1, "content_type": 9, "object_id": "14", "object_repr": "OrderItem object (14)", "action_flag": 3, "change_message": ""}}, {"model": "admin.logentry", "pk": 58, "fields": {"action_time": "2022-06-06T11:29:57.266Z", "user": 1, "content_type": 9, "object_id": "19", "object_repr": "OrderItem object (19)", "action_flag": 3, "change_message": ""}}, {"model": "admin.logentry", "pk": 59, "fields": {"action_time": "2022-06-06T11:29:57.309Z", "user": 1, "content_type": 9, "object_id": "18", "object_repr": "OrderItem object (18)", "action_flag": 3, "change_message": ""}}, {"model": "admin.logentry", "pk": 60, "fields": {"action_time": "2022-06-06T11:29:57.319Z", "user": 1, "content_type": 9, "object_id": "17", "object_repr": "OrderItem object (17)", "action_flag": 3, "change_message": ""}}, {"model": "admin.logentry", "pk": 61, "fields": {"action_time": "2022-06-06T11:29:57.341Z", "user": 1, "content_type": 9, "object_id": "16", "object_repr": "OrderItem object (16)", "action_flag": 3, "change_message": ""}}, {"model": "admin.logentry", "pk": 62, "fields": {"action_time": "2022-06-06T11:30:03.222Z", "user": 1, "content_type": 8, "object_id": "2", "object_repr": "Cart object (2)", "action_flag": 2, "change_message": "[{\"changed\": {\"fields\": [\"\\u041e\\u0431\\u0449\\u0430\\u044f \\u0446\\u0435\\u043d\\u0430\"]}}]"}}, {"model": "admin.logentry", "pk": 63, "fields": {"action_time": "2022-06-06T11:47:35.863Z", "user": 1, "content_type": 9, "object_id": "21", "object_repr": "OrderItem object (21)", "action_flag": 3, "change_message": ""}}, {"model": "admin.logentry", "pk": 64, "fields": {"action_time": "2022-06-06T11:47:35.883Z", "user": 1, "content_type": 9, "object_id": "20", "object_repr": "OrderItem object (20)", "action_flag": 3, "change_message": ""}}, {"model": "admin.logentry", "pk": 65, "fields": {"action_time": "2022-06-06T11:48:00.854Z", "user": 1, "content_type": 8, "object_id": "2", "object_repr": "Cart object (2)", "action_flag": 2, "change_message": "[{\"changed\": {\"fields\": [\"\\u041e\\u0431\\u0449\\u0430\\u044f \\u0446\\u0435\\u043d\\u0430\"]}}]"}}, {"model": "admin.logentry", "pk": 66, "fields": {"action_time": "2022-06-06T11:49:05.659Z", "user": 1, "content_type": 8, "object_id": "2", "object_repr": "Cart object (2)", "action_flag": 2, "change_message": "[{\"changed\": {\"fields\": [\"\\u041e\\u0431\\u0449\\u0430\\u044f \\u0446\\u0435\\u043d\\u0430\"]}}]"}}, {"model": "admin.logentry", "pk": 67, "fields": {"action_time": "2022-06-06T11:49:12.648Z", "user": 1, "content_type": 9, "object_id": "22", "object_repr": "OrderItem object (22)", "action_flag": 3, "change_message": ""}}, {"model": "admin.logentry", "pk": 68, "fields": {"action_time": "2022-06-06T11:50:38.699Z", "user": 1, "content_type": 8, "object_id": "2", "object_repr": "Cart object (2)", "action_flag": 2, "change_message": "[{\"changed\": {\"fields\": [\"\\u041e\\u0431\\u0449\\u0430\\u044f \\u0446\\u0435\\u043d\\u0430\"]}}]"}}, {"model": "admin.logentry", "pk": 69, "fields": {"action_time": "2022-06-06T11:50:46.238Z", "user": 1, "content_type": 9, "object_id": "24", "object_repr": "OrderItem object (24)", "action_flag": 3, "change_message": ""}}, {"model": "admin.logentry", "pk": 70, "fields": {"action_time": "2022-06-06T11:50:46.251Z", "user": 1, "content_type": 9, "object_id": "23", "object_repr": "OrderItem object (23)", "action_flag": 3, "change_message": ""}}, {"model": "admin.logentry", "pk": 71, "fields": {"action_time": "2022-06-06T11:51:22.150Z", "user": 1, "content_type": 9, "object_id": "26", "object_repr": "OrderItem object (26)", "action_flag": 3, "change_message": ""}}, {"model": "admin.logentry", "pk": 72, "fields": {"action_time": "2022-06-06T11:51:22.166Z", "user": 1, "content_type": 9, "object_id": "25", "object_repr": "OrderItem object (25)", "action_flag": 3, "change_message": ""}}, {"model": "admin.logentry", "pk": 73, "fields": {"action_time": "2022-06-06T11:51:25.963Z", "user": 1, "content_type": 8, "object_id": "2", "object_repr": "Cart object (2)", "action_flag": 2, "change_message": "[{\"changed\": {\"fields\": [\"\\u041e\\u0431\\u0449\\u0430\\u044f \\u0446\\u0435\\u043d\\u0430\"]}}]"}}, {"model": "admin.logentry", "pk": 74, "fields": {"action_time": "2022-06-06T11:51:57.173Z", "user": 1, "content_type": 9, "object_id": "27", "object_repr": "OrderItem object (27)", "action_flag": 3, "change_message": ""}}, {"model": "admin.logentry", "pk": 75, "fields": {"action_time": "2022-06-06T11:52:04.507Z", "user": 1, "content_type": 8, "object_id": "2", "object_repr": "Cart object (2)", "action_flag": 2, "change_message": "[{\"changed\": {\"fields\": [\"\\u041e\\u0431\\u0449\\u0430\\u044f \\u0446\\u0435\\u043d\\u0430\"]}}]"}}, {"model": "admin.logentry", "pk": 76, "fields": {"action_time": "2022-06-06T11:52:33.004Z", "user": 1, "content_type": 9, "object_id": "28", "object_repr": "OrderItem object (28)", "action_flag": 3, "change_message": ""}}, {"model": "admin.logentry", "pk": 77, "fields": {"action_time": "2022-06-06T11:52:38.718Z", "user": 1, "content_type": 8, "object_id": "2", "object_repr": "Cart object (2)", "action_flag": 2, "change_message": "[{\"changed\": {\"fields\": [\"\\u041e\\u0431\\u0449\\u0430\\u044f \\u0446\\u0435\\u043d\\u0430\"]}}]"}}, {"model": "admin.logentry", "pk": 78, "fields": {"action_time": "2022-06-06T16:09:14.953Z", "user": 1, "content_type": 11, "object_id": "2", "object_repr": "Order object (2)", "action_flag": 3, "change_message": ""}}, {"model": "admin.logentry", "pk": 79, "fields": {"action_time": "2022-06-06T16:51:48.865Z", "user": 1, "content_type": 11, "object_id": "9", "object_repr": "Order object (9)", "action_flag": 3, "change_message": ""}}, {"model": "admin.logentry", "pk": 80, "fields": {"action_time": "2022-06-06T16:51:48.931Z", "user": 1, "content_type": 11, "object_id": "8", "object_repr": "Order object (8)", "action_flag": 3, "change_message": ""}}, {"model": "admin.logentry", "pk": 81, "fields": {"action_time": "2022-06-06T16:51:48.948Z", "user": 1, "content_type": 11, "object_id": "7", "object_repr": "Order object (7)", "action_flag": 3, "change_message": ""}}, {"model": "admin.logentry", "pk": 82, "fields": {"action_time": "2022-06-06T16:51:48.959Z", "user": 1, "content_type": 11, "object_id": "6", "object_repr": "Order object (6)", "action_flag": 3, "change_message": ""}}, {"model": "admin.logentry", "pk": 83, "fields": {"action_time": "2022-06-06T16:51:48.970Z", "user": 1, "content_type": 11, "object_id": "5", "object_repr": "Order object (5)", "action_flag": 3, "change_message": ""}}, {"model": "admin.logentry", "pk": 84, "fields": {"action_time": "2022-06-06T16:54:41.673Z", "user": 1, "content_type": 11, "object_id": "4", "object_repr": "Order object (4)", "action_flag": 3, "change_message": ""}}, {"model": "admin.logentry", "pk": 85, "fields": {"action_time": "2022-06-06T16:54:41.691Z", "user": 1, "content_type": 11, "object_id": "3", "object_repr": "Order object (3)", "action_flag": 3, "change_message": ""}}, {"model": "admin.logentry", "pk": 86, "fields": {"action_time": "2022-06-06T16:54:41.703Z", "user": 1, "content_type": 11, "object_id": "1", "object_repr": "Order object (1)", "action_flag": 3, "change_message": ""}}, {"model": "admin.logentry", "pk": 87, "fields": {"action_time": "2022-06-06T17:08:17.646Z", "user": 1, "content_type": 11, "object_id": "13", "object_repr": "Order object (13)", "action_flag": 3, "change_message": ""}}, {"model": "admin.logentry", "pk": 88, "fields": {"action_time": "2022-06-06T17:08:17.693Z", "user": 1, "content_type": 11, "object_id": "12", "object_repr": "Order object (12)", "action_flag": 3, "change_message": ""}}, {"model": "admin.logentry", "pk": 89, "fields": {"action_time": "2022-06-06T17:08:17.704Z", "user": 1, "content_type": 11, "object_id": "11", "object_repr": "Order object (11)", "action_flag": 3, "change_message": ""}}, {"model": "admin.logentry", "pk": 90, "fields": {"action_time": "2022-06-07T11:16:41.037Z", "user": 1, "content_type": 7, "object_id": "2", "object_repr": "Sale object (2)", "action_flag": 2, "change_message": "[{\"changed\": {\"fields\": [\"\\u041f\\u0440\\u043e\\u0446\\u0435\\u043d\\u0442 \\u0441\\u043a\\u0438\\u0434\\u043a\\u0438\"]}}]"}}, {"model": "admin.logentry", "pk": 91, "fields": {"action_time": "2022-06-07T11:16:52.350Z", "user": 1, "content_type": 7, "object_id": "2", "object_repr": "Sale object (2)", "action_flag": 2, "change_message": "[{\"changed\": {\"fields\": [\"\\u041f\\u0440\\u043e\\u0446\\u0435\\u043d\\u0442 \\u0441\\u043a\\u0438\\u0434\\u043a\\u0438\"]}}]"}}, {"model": "admin.logentry", "pk": 92, "fields": {"action_time": "2022-06-07T13:20:18.853Z", "user": 1, "content_type": 4, "object_id": "3", "object_repr": "Bonny", "action_flag": 1, "change_message": "[{\"added\": {}}]"}}, {"model": "admin.logentry", "pk": 93, "fields": {"action_time": "2022-06-07T13:20:35.917Z", "user": 1, "content_type": 4, "object_id": "3", "object_repr": "Bonny", "action_flag": 2, "change_message": "[{\"changed\": {\"fields\": [\"First name\", \"Last name\", \"Email address\"]}}]"}}, {"model": "admin.logentry", "pk": 94, "fields": {"action_time": "2022-06-08T11:42:19.209Z", "user": 1, "content_type": 4, "object_id": "4", "object_repr": "bunny", "action_flag": 3, "change_message": ""}}, {"model": "admin.logentry", "pk": 95, "fields": {"action_time": "2022-06-08T11:42:19.222Z", "user": 1, "content_type": 4, "object_id": "5", "object_repr": "test_user", "action_flag": 3, "change_message": ""}}, {"model": "admin.logentry", "pk": 96, "fields": {"action_time": "2022-06-08T11:44:50.867Z", "user": 1, "content_type": 4, "object_id": "7", "object_repr": "test_user", "action_flag": 3, "change_message": ""}}, {"model": "admin.logentry", "pk": 97, "fields": {"action_time": "2022-06-08T11:46:32.666Z", "user": 1, "content_type": 4, "object_id": "8", "object_repr": "test_user", "action_flag": 3, "change_message": ""}}, {"model": "admin.logentry", "pk": 98, "fields": {"action_time": "2022-06-08T11:51:41.520Z", "user": 1, "content_type": 4, "object_id": "9", "object_repr": "test_user", "action_flag": 3, "change_message": ""}}, {"model": "admin.logentry", "pk": 99, "fields": {"action_time": "2022-06-08T12:04:39.433Z", "user": 1, "content_type": 4, "object_id": "10", "object_repr": "test_user", "action_flag": 3, "change_message": ""}}, {"model": "admin.logentry", "pk": 100, "fields": {"action_time": "2022-06-08T12:05:36.547Z", "user": 1, "content_type": 4, "object_id": "11", "object_repr": "test_user", "action_flag": 3, "change_message": ""}}, {"model": "admin.logentry", "pk": 101, "fields": {"action_time": "2022-06-08T12:08:00.598Z", "user": 1, "content_type": 4, "object_id": "12", "object_repr": "test_user", "action_flag": 3, "change_message": ""}}, {"model": "admin.logentry", "pk": 102, "fields": {"action_time": "2022-06-08T12:08:56.737Z", "user": 1, "content_type": 4, "object_id": "13", "object_repr": "test_user", "action_flag": 3, "change_message": ""}}, {"model": "admin.logentry", "pk": 103, "fields": {"action_time": "2022-06-08T12:36:03.803Z", "user": 1, "content_type": 4, "object_id": "14", "object_repr": "test_user", "action_flag": 3, "change_message": ""}}, {"model": "admin.logentry", "pk": 104, "fields": {"action_time": "2022-06-08T12:36:17.184Z", "user": 1, "content_type": 4, "object_id": "15", "object_repr": "test_user", "action_flag": 3, "change_message": ""}}, {"model": "admin.logentry", "pk": 105, "fields": {"action_time": "2022-06-08T13:00:55.151Z", "user": 1, "content_type": 10, "object_id": "20", "object_repr": "test", "action_flag": 3, "change_message": ""}}, {"model": "auth.permission", "pk": 1, "fields": {"name": "Can add log entry", "content_type": 1, "codename": "add_logentry"}}, {"model": "auth.permission", "pk": 2, "fields": {"name": "Can change log entry", "content_type": 1, "codename": "change_logentry"}}, {"model": "auth.permission", "pk": 3, "fields": {"name": "Can delete log entry", "content_type": 1, "codename": "delete_logentry"}}, {"model": "auth.permission", "pk": 4, "fields": {"name": "Can view log entry", "content_type": 1, "codename": "view_logentry"}}, {"model": "auth.permission", "pk": 5, "fields": {"name": "Can add permission", "content_type": 2, "codename": "add_permission"}}, {"model": "auth.permission", "pk": 6, "fields": {"name": "Can change permission", "content_type": 2, "codename": "change_permission"}}, {"model": "auth.permission", "pk": 7, "fields": {"name": "Can delete permission", "content_type": 2, "codename": "delete_permission"}}, {"model": "auth.permission", "pk": 8, "fields": {"name": "Can view permission", "content_type": 2, "codename": "view_permission"}}, {"model": "auth.permission", "pk": 9, "fields": {"name": "Can add group", "content_type": 3, "codename": "add_group"}}, {"model": "auth.permission", "pk": 10, "fields": {"name": "Can change group", "content_type": 3, "codename": "change_group"}}, {"model": "auth.permission", "pk": 11, "fields": {"name": "Can delete group", "content_type": 3, "codename": "delete_group"}}, {"model": "auth.permission", "pk": 12, "fields": {"name": "Can view group", "content_type": 3, "codename": "view_group"}}, {"model": "auth.permission", "pk": 13, "fields": {"name": "Can add user", "content_type": 4, "codename": "add_user"}}, {"model": "auth.permission", "pk": 14, "fields": {"name": "Can change user", "content_type": 4, "codename": "change_user"}}, {"model": "auth.permission", "pk": 15, "fields": {"name": "Can delete user", "content_type": 4, "codename": "delete_user"}}, {"model": "auth.permission", "pk": 16, "fields": {"name": "Can view user", "content_type": 4, "codename": "view_user"}}, {"model": "auth.permission", "pk": 17, "fields": {"name": "Can add content type", "content_type": 5, "codename": "add_contenttype"}}, {"model": "auth.permission", "pk": 18, "fields": {"name": "Can change content type", "content_type": 5, "codename": "change_contenttype"}}, {"model": "auth.permission", "pk": 19, "fields": {"name": "Can delete content type", "content_type": 5, "codename": "delete_contenttype"}}, {"model": "auth.permission", "pk": 20, "fields": {"name": "Can view content type", "content_type": 5, "codename": "view_contenttype"}}, {"model": "auth.permission", "pk": 21, "fields": {"name": "Can add session", "content_type": 6, "codename": "add_session"}}, {"model": "auth.permission", "pk": 22, "fields": {"name": "Can change session", "content_type": 6, "codename": "change_session"}}, {"model": "auth.permission", "pk": 23, "fields": {"name": "Can delete session", "content_type": 6, "codename": "delete_session"}}, {"model": "auth.permission", "pk": 24, "fields": {"name": "Can view session", "content_type": 6, "codename": "view_session"}}, {"model": "auth.permission", "pk": 25, "fields": {"name": "Can add sale", "content_type": 7, "codename": "add_sale"}}, {"model": "auth.permission", "pk": 26, "fields": {"name": "Can change sale", "content_type": 7, "codename": "change_sale"}}, {"model": "auth.permission", "pk": 27, "fields": {"name": "Can delete sale", "content_type": 7, "codename": "delete_sale"}}, {"model": "auth.permission", "pk": 28, "fields": {"name": "Can view sale", "content_type": 7, "codename": "view_sale"}}, {"model": "auth.permission", "pk": 29, "fields": {"name": "Can add cart", "content_type": 8, "codename": "add_cart"}}, {"model": "auth.permission", "pk": 30, "fields": {"name": "Can change cart", "content_type": 8, "codename": "change_cart"}}, {"model": "auth.permission", "pk": 31, "fields": {"name": "Can delete cart", "content_type": 8, "codename": "delete_cart"}}, {"model": "auth.permission", "pk": 32, "fields": {"name": "Can view cart", "content_type": 8, "codename": "view_cart"}}, {"model": "auth.permission", "pk": 33, "fields": {"name": "Can add order item", "content_type": 9, "codename": "add_orderitem"}}, {"model": "auth.permission", "pk": 34, "fields": {"name": "Can change order item", "content_type": 9, "codename": "change_orderitem"}}, {"model": "auth.permission", "pk": 35, "fields": {"name": "Can delete order item", "content_type": 9, "codename": "delete_orderitem"}}, {"model": "auth.permission", "pk": 36, "fields": {"name": "Can view order item", "content_type": 9, "codename": "view_orderitem"}}, {"model": "auth.permission", "pk": 37, "fields": {"name": "Can add product", "content_type": 10, "codename": "add_product"}}, {"model": "auth.permission", "pk": 38, "fields": {"name": "Can change product", "content_type": 10, "codename": "change_product"}}, {"model": "auth.permission", "pk": 39, "fields": {"name": "Can delete product", "content_type": 10, "codename": "delete_product"}}, {"model": "auth.permission", "pk": 40, "fields": {"name": "Can view product", "content_type": 10, "codename": "view_product"}}, {"model": "auth.permission", "pk": 41, "fields": {"name": "Can add order", "content_type": 11, "codename": "add_order"}}, {"model": "auth.permission", "pk": 42, "fields": {"name": "Can change order", "content_type": 11, "codename": "change_order"}}, {"model": "auth.permission", "pk": 43, "fields": {"name": "Can delete order", "content_type": 11, "codename": "delete_order"}}, {"model": "auth.permission", "pk": 44, "fields": {"name": "Can view order", "content_type": 11, "codename": "view_order"}}, {"model": "auth.user", "pk": 1, "fields": {"password": "pbkdf2_sha256$320000$lnoi9yeyhGBvf2qYR8kvPS$LOPcecJeoBp+1LJZhNk2YTjcbAx9CzxbDm1Iq9zsjDM=", "last_login": "2022-06-07T15:51:58.885Z", "is_superuser": true, "username": "bobby", "first_name": "", "last_name": "", "email": "", "is_staff": true, "is_active": true, "date_joined": "2022-05-31T17:09:16.937Z", "groups": [], "user_permissions": []}}, {"model": "auth.user", "pk": 2, "fields": {"password": "pbkdf2_sha256$320000$RDZgd6wUdQTmN941mEwNgm$Puj4E4xLXGOj8EOSnAYm9Ar8IBT0gAUSOxkw9OGdrKc=", "last_login": null, "is_superuser": false, "username": "beny", "first_name": "", "last_name": "", "email": "", "is_staff": false, "is_active": true, "date_joined": "2022-06-05T17:36:02.052Z", "groups": [], "user_permissions": []}}, {"model": "auth.user", "pk": 3, "fields": {"password": "pbkdf2_sha256$320000$GQ1BHHGE019QpPrzb5kq59$eq7f9uba6O3dAfKncsuzoArggx7731C/awKYgES+9C0=", "last_login": "2022-06-07T15:49:08.358Z", "is_superuser": false, "username": "Bonny", "first_name": "qwe", "last_name": "qweqw", "email": "qwe@qwe.ru", "is_staff": false, "is_active": true, "date_joined": "2022-06-07T13:20:18Z", "groups": [], "user_permissions": []}}, {"model": "contenttypes.contenttype", "pk": 1, "fields": {"app_label": "admin", "model": "logentry"}}, {"model": "contenttypes.contenttype", "pk": 2, "fields": {"app_label": "auth", "model": "permission"}}, {"model": "contenttypes.contenttype", "pk": 3, "fields": {"app_label": "auth", "model": "group"}}, {"model": "contenttypes.contenttype", "pk": 4, "fields": {"app_label": "auth", "model": "user"}}, {"model": "contenttypes.contenttype", "pk": 5, "fields": {"app_label": "contenttypes", "model": "contenttype"}}, {"model": "contenttypes.contenttype", "pk": 6, "fields": {"app_label": "sessions", "model": "session"}}, {"model": "contenttypes.contenttype", "pk": 7, "fields": {"app_label": "shop", "model": "sale"}}, {"model": "contenttypes.contenttype", "pk": 8, "fields": {"app_label": "shop", "model": "cart"}}, {"model": "contenttypes.contenttype", "pk": 9, "fields": {"app_label": "shop", "model": "orderitem"}}, {"model": "contenttypes.contenttype", "pk": 10, "fields": {"app_label": "shop", "model": "product"}}, {"model": "contenttypes.contenttype", "pk": 11, "fields": {"app_label": "shop", "model": "order"}}, {"model": "sessions.session", "pk": "80fjbnumi789rfwe3l2q869jkmfjy1sx", "fields": {"session_data": ".eJxVjMsOwiAQRf-FtSFDOxRw6d5vIDM8pGogKe3K-O_apAvd3nPOfQlP21r81tPi5yjOQonT78YUHqnuIN6p3poMra7LzHJX5EG7vLaYnpfD_Tso1Mu3dmgALWjnOKtsMsEAAyHabCcdJzSMymSOKqUAegyaVbKReATIGByL9wfHMjfO:1nybUs:VfGQ39OY_VzzdH-ONHA0pcm9XhsVNjkN3paXHaa_1AU", "expire_date": "2022-06-21T15:51:58.925Z"}}, {"model": "shop.sale", "pk": 2, "fields": {"percent": 30}}, {"model": "shop.product", "pk": 2, "fields": {"vendor_code": "GeJXgEGV", "title": "toaster", "image": "img/toaster.jpg", "basic_price": 935, "final_price": 654, "status": "ONSALE", "monthly_sales": 8, "monthly_cost": 3646}}, {"model": "shop.product", "pk": 3, "fields": {"vendor_code": "qBUtQiRc", "title": "ball", "image": "img/ball.jpeg", "basic_price": 411, "final_price": 287, "status": "ONSALE", "monthly_sales": 4, "monthly_cost": 1271}}, {"model": "shop.product", "pk": 4, "fields": {"vendor_code": "kIzNbkzN", "title": "lips", "image": "img/lips.jpeg", "basic_price": 869, "final_price": 608, "status": "ONSALE", "monthly_sales": 2, "monthly_cost": 1390}}, {"model": "shop.product", "pk": 5, "fields": {"vendor_code": "UhhsuU3V", "title": "cube", "image": "img/cube.jpg", "basic_price": 678, "final_price": 474, "status": "ONSALE", "monthly_sales": 3, "monthly_cost": 1016}}, {"model": "shop.product", "pk": 8, "fields": {"vendor_code": "QlWtQIqv", "title": "roobikscube", "image": "img/roobikscube.jpg", "basic_price": 818, "final_price": 572, "status": "ONSALE", "monthly_sales": 19, "monthly_cost": 1880}}, {"model": "shop.product", "pk": 9, "fields": {"vendor_code": "BXtKoEZI", "title": "coin", "image": "img/coin.jpeg", "basic_price": 803, "final_price": 562, "status": "ONSALE", "monthly_sales": 23, "monthly_cost": 5056}}, {"model": "shop.product", "pk": 10, "fields": {"vendor_code": "De3VPyST", "title": "apple", "image": "img/apple.jpeg", "basic_price": 79, "final_price": 55, "status": "ONSALE", "monthly_sales": 45, "monthly_cost": 975}}, {"model": "shop.product", "pk": 14, "fields": {"vendor_code": "uJOoUlhE", "title": "barrel", "image": "img/barrel.jpeg", "basic_price": 182, "final_price": 127, "status": "DRAFT", "monthly_sales": 0, "monthly_cost": 0}}, {"model": "shop.product", "pk": 19, "fields": {"vendor_code": "UXj37gMZ", "title": "lock", "image": "img/lock.jpeg", "basic_price": 543, "final_price": 380, "status": "DRAFT", "monthly_sales": 0, "monthly_cost": 0}}, {"model": "shop.cart", "pk": 1, "fields": {"user": 2, "total_amount": 0}}, {"model": "shop.cart", "pk": 2, "fields": {"user": 1, "total_amount": 0}}, {"model": "shop.cart", "pk": 3, "fields": {"user": 3, "total_amount": 0}}, {"model": "shop.order", "pk": 10, "fields": {"user": 1, "cost": 63}}, {"model": "shop.order", "pk": 14, "fields": {"user": 1, "cost": 1308}}, {"model": "shop.order", "pk": 15, "fields": {"user": 1, "cost": 1284}}, {"model": "shop.order", "pk": 16, "fields": {"user": 1, "cost": 328}}, {"model": "shop.order", "pk": 17, "fields": {"user": 1, "cost": 695}}, {"model": "shop.order", "pk": 18, "fields": {"user": 1, "cost": 542}}, {"model": "shop.order", "pk": 19, "fields": {"user": 1, "cost": 642}}, {"model": "shop.order", "pk": 20, "fields": {"user": 1, "cost": 55}}, {"model": "shop.order", "pk": 21, "fields": {"user": 3, "cost": 55}}, {"model": "shop.order", "pk": 22, "fields": {"user": 3, "cost": 397}}, {"model": "shop.order", "pk": 23, "fields": {"user": 1, "cost": 2819}}, {"model": "shop.order", "pk": 24, "fields": {"user": 1, "cost": 654}}, {"model": "shop.order", "pk": 25, "fields": {"user": 1, "cost": 55}}, {"model": "shop.order", "pk": 26, "fields": {"user": 1, "cost": 55}}, {"model": "shop.order", "pk": 27, "fields": {"user": 1, "cost": 1210}}, {"model": "shop.orderitem", "pk": 29, "fields": {"product": 2, "cart": null, "order": null, "count": 3, "price": 748, "sale": 20, "bought": true, "purchase_date": "2022-06-06T16:07:56.876Z"}}, {"model": "shop.orderitem", "pk": 30, "fields": {"product": 9, "cart": null, "order": null, "count": 2, "price": 642, "sale": 20, "bought": true, "purchase_date": "2022-06-06T16:07:56.976Z"}}, {"model": "shop.orderitem", "pk": 31, "fields": {"product": 10, "cart": null, "order": null, "count": 2, "price": 63, "sale": 20, "bought": true, "purchase_date": "2022-06-06T16:07:56.832Z"}}, {"model": "shop.orderitem", "pk": 32, "fields": {"product": 4, "cart": null, "order": null, "count": 1, "price": 695, "sale": 20, "bought": true, "purchase_date": "2022-06-06T16:07:56.590Z"}}, {"model": "shop.orderitem", "pk": 33, "fields": {"product": 3, "cart": null, "order": null, "count": 1, "price": 328, "sale": 20, "bought": true, "purchase_date": "2022-06-06T16:07:56.932Z"}}, {"model": "shop.orderitem", "pk": 34, "fields": {"product": 8, "cart": null, "order": null, "count": 15, "price": 654, "sale": 20, "bought": true, "purchase_date": "2022-06-06T16:07:57.021Z"}}, {"model": "shop.orderitem", "pk": 35, "fields": {"product": 9, "cart": null, "order": null, "count": 3, "price": 642, "sale": 20, "bought": true, "purchase_date": "2022-06-06T16:36:39.000Z"}}, {"model": "shop.orderitem", "pk": 36, "fields": {"product": 10, "cart": null, "order": null, "count": 1, "price": 63, "sale": 20, "bought": true, "purchase_date": "2022-06-06T16:36:38.993Z"}}, {"model": "shop.orderitem", "pk": 37, "fields": {"product": 2, "cart": null, "order": null, "count": 1, "price": 748, "sale": 20, "bought": true, "purchase_date": "2022-06-06T16:36:39.011Z"}}, {"model": "shop.orderitem", "pk": 38, "fields": {"product": 9, "cart": null, "order": null, "count": 10, "price": 642, "sale": 20, "bought": true, "purchase_date": "2022-06-06T16:39:26.558Z"}}, {"model": "shop.orderitem", "pk": 39, "fields": {"product": 3, "cart": null, "order": null, "count": 1, "price": 328, "sale": 20, "bought": true, "purchase_date": "2022-06-06T16:46:14.885Z"}}, {"model": "shop.orderitem", "pk": 40, "fields": {"product": 2, "cart": null, "order": null, "count": 1, "price": 748, "sale": 20, "bought": true, "purchase_date": "2022-06-06T16:46:14.897Z"}}, {"model": "shop.orderitem", "pk": 41, "fields": {"product": 10, "cart": null, "order": null, "count": 2, "price": 63, "sale": 20, "bought": true, "purchase_date": "2022-06-06T16:50:29.997Z"}}, {"model": "shop.orderitem", "pk": 42, "fields": {"product": 9, "cart": null, "order": null, "count": 2, "price": 642, "sale": 20, "bought": true, "purchase_date": "2022-06-06T16:50:30.004Z"}}, {"model": "shop.orderitem", "pk": 43, "fields": {"product": 10, "cart": null, "order": null, "count": 3, "price": 63, "sale": 20, "bought": true, "purchase_date": "2022-06-06T16:51:02.767Z"}}, {"model": "shop.orderitem", "pk": 44, "fields": {"product": 9, "cart": null, "order": null, "count": 2, "price": 642, "sale": 20, "bought": true, "purchase_date": "2022-06-06T16:51:29.537Z"}}, {"model": "shop.orderitem", "pk": 45, "fields": {"product": 2, "cart": null, "order": null, "count": 2, "price": 748, "sale": 20, "bought": true, "purchase_date": "2022-06-06T16:51:29.549Z"}}, {"model": "shop.orderitem", "pk": 46, "fields": {"product": 10, "cart": null, "order": 10, "count": 1, "price": 63, "sale": 20, "bought": true, "purchase_date": "2022-06-06T16:54:50.194Z"}}, {"model": "shop.orderitem", "pk": 47, "fields": {"product": 8, "cart": null, "order": 14, "count": 2, "price": 654, "sale": 20, "bought": true, "purchase_date": "2022-06-06T17:08:22.953Z"}}, {"model": "shop.orderitem", "pk": 48, "fields": {"product": 9, "cart": null, "order": 15, "count": 2, "price": 642, "sale": 20, "bought": true, "purchase_date": "2022-06-06T17:08:34.487Z"}}, {"model": "shop.orderitem", "pk": 49, "fields": {"product": 3, "cart": null, "order": 16, "count": 1, "price": 328, "sale": 20, "bought": true, "purchase_date": "2022-06-06T17:08:39.745Z"}}, {"model": "shop.orderitem", "pk": 50, "fields": {"product": 4, "cart": null, "order": 17, "count": 1, "price": 695, "sale": 20, "bought": true, "purchase_date": "2022-06-06T17:09:03.423Z"}}, {"model": "shop.orderitem", "pk": 51, "fields": {"product": 5, "cart": null, "order": 18, "count": 1, "price": 542, "sale": 20, "bought": true, "purchase_date": "2022-06-06T17:09:08.581Z"}}, {"model": "shop.orderitem", "pk": 52, "fields": {"product": 9, "cart": null, "order": 19, "count": 1, "price": 642, "sale": 20, "bought": true, "purchase_date": "2022-06-06T17:09:13.680Z"}}, {"model": "shop.orderitem", "pk": 53, "fields": {"product": 10, "cart": null, "order": 20, "count": 1, "price": 55, "sale": 30, "bought": true, "purchase_date": "2022-06-07T12:11:02.178Z"}}, {"model": "shop.orderitem", "pk": 54, "fields": {"product": 5, "cart": null, "order": 23, "count": 2, "price": 474, "sale": 30, "bought": true, "purchase_date": "2022-06-07T15:58:04.159Z"}}, {"model": "shop.orderitem", "pk": 55, "fields": {"product": 8, "cart": null, "order": 23, "count": 2, "price": 572, "sale": 30, "bought": true, "purchase_date": "2022-06-07T15:58:04.181Z"}}, {"model": "shop.orderitem", "pk": 56, "fields": {"product": 9, "cart": null, "order": 23, "count": 1, "price": 562, "sale": 30, "bought": true, "purchase_date": "2022-06-07T15:58:04.170Z"}}, {"model": "shop.orderitem", "pk": 57, "fields": {"product": 10, "cart": null, "order": 21, "count": 1, "price": 55, "sale": 30, "bought": true, "purchase_date": "2022-06-07T13:21:42.437Z"}}, {"model": "shop.orderitem", "pk": 58, "fields": {"product": 10, "cart": null, "order": 22, "count": 2, "price": 55, "sale": 30, "bought": true, "purchase_date": "2022-06-07T15:49:29.152Z"}}, {"model": "shop.orderitem", "pk": 59, "fields": {"product": 3, "cart": null, "order": 22, "count": 1, "price": 287, "sale": 30, "bought": true, "purchase_date": "2022-06-07T15:49:29.161Z"}}, {"model": "shop.orderitem", "pk": 60, "fields": {"product": 10, "cart": null, "order": 23, "count": 3, "price": 55, "sale": 30, "bought": true, "purchase_date": "2022-06-07T15:58:04.150Z"}}, {"model": "shop.orderitem", "pk": 61, "fields": {"product": 2, "cart": null, "order": 24, "count": 1, "price": 654, "sale": 30, "bought": true, "purchase_date": "2022-06-07T15:58:29.778Z"}}, {"model": "shop.orderitem", "pk": 62, "fields": {"product": 10, "cart": null, "order": 25, "count": 1, "price": 55, "sale": 30, "bought": true, "purchase_date": "2022-06-07T15:58:58.891Z"}}, {"model": "shop.orderitem", "pk": 63, "fields": {"product": 10, "cart": null, "order": 26, "count": 1, "price": 55, "sale": 30, "bought": true, "purchase_date": "2022-06-07T15:59:39.583Z"}}, {"model": "shop.orderitem", "pk": 64, "fields": {"product": 10, "cart": null, "order": 27, "count": 22, "price": 55, "sale": 30, "bought": true, "purchase_date": "2022-06-07T16:00:50.816Z"}}, {"model": "shop.orderitem", "pk": 65, "fields": {"product": 8, "cart": null, "order": null, "count": 1, "price": 572, "sale": 30, "bought": false, "purchase_date": null}}, {"model": "shop.orderitem", "pk": 66, "fields": {"product": 8, "cart": null, "order": null, "count": 1, "price": 572, "sale": 30, "bought": false, "purchase_date": null}}, {"model": "shop.orderitem", "pk": 67, "fields": {"product": 10, "cart": null, "order": null, "count": 1, "price": 55, "sale": 30, "bought": false, "purchase_date": null}}, {"model": "shop.orderitem", "pk": 68, "fields": {"product": 10, "cart": null, "order": null, "count": 1, "price": 55, "sale": 30, "bought": true, "purchase_date": "2022-06-08T11:56:45.933Z"}}, {"model": "shop.orderitem", "pk": 69, "fields": {"product": 10, "cart": null, "order": null, "count": 1, "price": 55, "sale": 30, "bought": true, "purchase_date": "2022-06-08T12:04:50.692Z"}}, {"model": "shop.orderitem", "pk": 70, "fields": {"product": 10, "cart": null, "order": null, "count": 1, "price": 55, "sale": 30, "bought": true, "purchase_date": "2022-06-08T12:06:06.912Z"}}, {"model": "shop.orderitem", "pk": 71, "fields": {"product": 10, "cart": null, "order": null, "count": 1, "price": 55, "sale": 30, "bought": true, "purchase_date": "2022-06-08T12:08:03.959Z"}}, {"model": "shop.orderitem", "pk": 72, "fields": {"product": 10, "cart": null, "order": null, "count": 1, "price": 55, "sale": 30, "bought": true, "purchase_date": "2022-06-08T12:35:49.133Z"}}, {"model": "shop.orderitem", "pk": 73, "fields": {"product": 10, "cart": null, "order": null, "count": 1, "price": 55, "sale": 30, "bought": true, "purchase_date": "2022-06-08T12:36:09.712Z"}}]